Gene,Target ID,Cas13 Spacer
Rtp4,Rtp4,
Isg15,Isg15,ACGATTTCCTGGTGTCCGTGACTAACTC
Ifit3,Ifit3,CTCTGAAGCAGGCCATGGAGTTGAATCC
Ifit1,Ifit1,
Ccl5,Ccl5,TGGGCATCTCAGCTGCTCCGAGGCTCTG
Ifi44,Ifi44,TTCGATTCCATGAAACCAATCACATCAA
Ifit1bl1,Ifit1bl1,
Ifi209,Ifi209,
Ifit1bl2,Ifit1bl2,TAAAGAAGCTACGCTCACAATATCCTCC
Ifi44l,Ifi44l,
Ifi47,Ifi47,ATAATGAACAGAAAGCCAAACCCATAGC
Ccl4,Ccl4,CTTGCTCCTCACGTTCAGATTTCCTGCC
Trim21,Trim21,
Mx2,Mx2,CTGGTAGCTATACCACCAGCCTTTATGC
Herc6,Herc6,CCAATTTGATAAAACCTAGATACGTTTG
Ifnb1,Ifnb1,GAGGGTGCAAAGGTACCTTAAACTCATG
Phf11a,Phf11a,CAGGAAGCAGGACTTCTTAATGTTTTAC
Sectm1b,Sectm1b,
Tgtp2,Tgtp2,
Pla2g2d,Pla2g2d,
Lrch1,Lrch1,
H2-M3,H2-M3,CTCAGATTACATCACCCTGAATGAAGAC
Rsad2,Rsad2,ACCAGAAGATGAAAGACTCCTACCTTAT
Irf7,Irf7,TGTGAAACTTGGTCACACTATCTGTGGC
Stat1,Stat1,CTGGAACTCAGAAATCCGCCTGTCTCTG
Irf9,Irf9,TTTATATATTTTATCTCCCAGTCCTCAC
Cxcl10,Cxcl10,AGAGATGTCTGAATCCGGAATCTAAGAC
Oas3,Oas3,CTGGGAGCAAGGTGGCCAGAATCCCCAG
Adgrg1,Adgrg1,
Rpl13a,Rpl13a,
Tuba1a,Tuba1a,CTGGGAGCTCTACTGCCTGGAACATGGC
Hprt1,Hprt1,ATCTTGTAAGAAAAACAAATCTCTTAAA
