objective-value	target-start	target-end	target-length	left-primer-start	left-primer-num-primers	left-primer-frac-bound	left-primer-target-sequences	right-primer-start	right-primer-num-primers	right-primer-frac-bound	right-primer-target-sequences	num-guides	total-frac-bound-by-guides	guide-set-expected-activity	guide-set-median-activity	guide-set-5th-pctile-activity	guide-expected-activities	guide-target-sequences	guide-target-sequence-positions
7.633313834667206	2	3664	3662	2	1	1.0	CCATCTGACATACCAGAGCCGCGGGTGGCT	3634	1	1.0	AGAAACCATGCTTGCAAAGCTTTCAACGTG	1	1.0	3.633313834667206	3.633313834667206	3.633313834667206	3.633313834667206	CAGATATACATGCCACCAAAACACTCAA	{3517}
7.6074844896793365	3778	4439	661	3778	1	1.0	CAAAGGTACTTATACTTAGTACAGTGTTCC	4409	1	1.0	AACATCCAATACAATATAGAGTGTGGTGCC	1	1.0	3.6074844896793365	3.6074844896793365	3.6074844896793365	3.6074844896793365	TTACGTGAACAGACACCAAAATCCTTCC	{4361}
7.563333123922348	4439	4672	233	4439	1	1.0	TCACAACCAAGTGGGAATTAACCTGGAGAT	4642	1	1.0	TTAATGGCAAAAGACTAAATGCTGCCCACT	1	1.0	3.563333123922348	3.563333123922348	3.563333123922348	3.563333123922348	CCAATTTGATAAAACCTAGATACGTTTG	{4609}
7.5299036502838135	4672	5076	404	4672	1	1.0	GGCAAGAAGATGGGAAGGCCTATCATGTAC	5046	1	1.0	ATGCTATTATTCCAAGGTTTGTGGGTATGT	1	1.0	3.5299036502838135	3.5299036502838135	3.5299036502838135	3.5299036502838135	ATATGTATAAAAAGATCAGATTTACTGA	{5011}
7.489086866378784	5086	5185	99	5086	1	1.0	GGTATGTATTTGTGTGTATCTTTGCATGTG	5155	1	1.0	TGTGTCTGTATTTCTGTGTGTATGTCTGTG	1	1.0	3.489086866378784	3.489086866378784	3.489086866378784	3.489086866378784	GTGGTGTTTATGTGTGCATATCTGTGTC	{5119}
7.410418391227722	5186	5277	91	5186	1	1.0	GTGTGGTATGTGTCCGACTGTCTATGTCTG	5247	1	1.0	ACAGGGAATGTTTGGTCTTAGACCTAGAAA	1	1.0	3.410418391227722	3.410418391227722	3.410418391227722	3.410418391227722	GTATGAGACTTACTGTGATGCTTATTGT	{5217}
