objective-value	target-start	target-end	target-length	left-primer-start	left-primer-num-primers	left-primer-frac-bound	left-primer-target-sequences	right-primer-start	right-primer-num-primers	right-primer-frac-bound	right-primer-target-sequences	num-guides	total-frac-bound-by-guides	guide-set-expected-activity	guide-set-median-activity	guide-set-5th-pctile-activity	guide-expected-activities	guide-target-sequences	guide-target-sequence-positions
7.670964866876602	0	1918	1918	0	1	1.0	GTGACAGTCTGCAAGAGAGCAGAGAGTCAA	1888	1	1.0	CAGAGCAAAACAAATGAGCAAAGAAGAAAG	1	1.0	3.670964866876602	3.670964866876602	3.670964866876602	3.670964866876602	TTTTTTTAATGTCACCGGAAATGCTTAT	{1847}
7.580783247947693	1918	2239	321	1918	1	1.0	TTTGAAAGCAAAAGAGGTCACACATTACTG	2209	1	1.0	GAAGAAAGAAAAAAAAAGAAAGCGACCCAC	1	1.0	3.580783247947693	3.580783247947693	3.580783247947693	3.580783247947693	TTCAATATTTATATGCTAAAAGTATTCA	{2047}
7.548395037651062	2264	2361	97	2264	1	1.0	TAATGTTGTGCATTATAAAGGATGCACCTC	2331	1	1.0	GCTTGATATATCCTGGGACATCTGAAAAGA	1	1.0	3.548395037651062	3.548395037651062	3.548395037651062	3.548395037651062	TTTGAGCAGTTTCTTGGTTATCTTTTAT	{2298}
7.5373658537864685	2361	2592	231	2361	1	1.0	GCTGCTTGCACCACACTAGCTTGCAGGCAT	2562	1	1.0	CCTTGACTTTTCTGCCCTGAGTTTCCTCCC	1	1.0	3.5373658537864685	3.5373658537864685	3.5373658537864685	3.5373658537864685	CCAGCAAGCAGAATTACTCCATGATTCC	{2520}
