objective-value	target-start	target-end	target-length	left-primer-start	left-primer-num-primers	left-primer-frac-bound	left-primer-target-sequences	right-primer-start	right-primer-num-primers	right-primer-frac-bound	right-primer-target-sequences	num-guides	total-frac-bound-by-guides	guide-set-expected-activity	guide-set-median-activity	guide-set-5th-pctile-activity	guide-expected-activities	guide-target-sequences	guide-target-sequence-positions
7.556284129619598	0	722	722	0	1	1.0	GTGGACTGAGATTTCTGAACTGCTCAGCCC	692	1	1.0	TACCTGAAAGTTCTCCTGGCCCTGAAACTG	1	1.0	3.5562841296195984	3.5562841296195984	3.5562841296195984	3.5562841296195984	CTCTGAAGCAGGCCATGGAGTTGAATCC	{654}
7.549596726894379	722	935	213	722	1	1.0	CTGAGGATGGGAGAAGAAGCTGAAGGGGAG	905	1	1.0	TCTTTGGTCATGTGCCGTTACAGGGAAATA	1	1.0	3.5495967268943787	3.5495967268943787	3.5495967268943787	3.5495967268943787	TGCGATCCACAGTGAACAACAGTCCTCT	{873}
7.542027860879898	935	1500	565	935	1	1.0	CTGGAGCAGCTACAGAATAAAGGAGATGCT	1470	1	1.0	TCTGTACTGTGAGACAGATGTGCTGTGGAG	1	1.0	3.542027860879898	3.542027860879898	3.542027860879898	3.542027860879898	TCAGAGTGCAGACAGACAGTCTCTCAGC	{1442}
7.500244319438934	1500	1871	371	1500	1	1.0	TGCTGCTTATGGGGAGAATGTGCTGAAAAA	1841	1	1.0	TTGTATTCTACTGTGGTTTTAGGGCTGTGT	1	1.0	3.5002443194389343	3.5002443194389343	3.5002443194389343	3.5002443194389343	CTTTGCCTAAGGCTAGAATATTCTTTGC	{1804}
