objective-value	target-start	target-end	target-length	left-primer-start	left-primer-num-primers	left-primer-frac-bound	left-primer-target-sequences	right-primer-start	right-primer-num-primers	right-primer-frac-bound	right-primer-target-sequences	num-guides	total-frac-bound-by-guides	guide-set-expected-activity	guide-set-median-activity	guide-set-5th-pctile-activity	guide-expected-activities	guide-target-sequences	guide-target-sequence-positions
7.562009185552597	0	352	352	0	1	1.0	TGAGATAAAACCCGTCCCGGCGGCTCCGGT	322	1	1.0	AAAACCATAGAGGCACCCAAGGGGCCTTAT	1	1.0	3.562009185552597	3.562009185552597	3.562009185552597	3.562009185552597	TGTGAAACTTGGTCACACTATCTGTGGC	{286}
7.524825990200043	352	453	101	352	1	1.0	TTGCAATAGCTGACTGCTCCAGTGACTACA	423	1	1.0	CTGCCTGTGTAGACGGAGCAATGGCTGAAG	1	1.0	3.5248259902000427	3.5248259902000427	3.5248259902000427	3.5248259902000427	ACAGAGTAGTAGCATCTACTTTGATTCT	{389}
7.473351776599884	453	771	318	453	1	1.0	TGAGGGGGGTCCAGCGAGTGCTGTTTGGAG	741	1	1.0	ACAGCACAGGGCGTTTTATCTTGCGCCAAG	1	1.0	3.473351776599884	3.473351776599884	3.473351776599884	3.473351776599884	CTGGAAGACCAACTTCCGCTGTGCACTC	{712}
7.473121821880341	771	1549	778	771	1	1.0	ACAATTCAGGGGATCCAGTTGATCCGCATA	1519	1	1.0	CGACTTCAGCACTTTCTTCCGAGAACTGGA	1	1.0	3.4731218218803406	3.4731218218803406	3.4731218218803406	3.4731218218803406	CTGGAGCGCAACCGCCACACCCCCATCT	{1490}
7.461159348487854	1560	1800	240	1560	1	1.0	CTCGGAGGCGGCAAGGGTCACCACACTACA	1770	1	1.0	ACGAAGACATCGAACACTTCCTCATGGACC	1	1.0	3.461159348487854	3.461159348487854	3.461159348487854	3.461159348487854	GCTTGTGCTTGTCTAGCACCAACAGTCT	{1740}
