objective-value	target-start	target-end	target-length	left-primer-start	left-primer-num-primers	left-primer-frac-bound	left-primer-target-sequences	right-primer-start	right-primer-num-primers	right-primer-frac-bound	right-primer-target-sequences	num-guides	total-frac-bound-by-guides	guide-set-expected-activity	guide-set-median-activity	guide-set-5th-pctile-activity	guide-expected-activities	guide-target-sequences	guide-target-sequence-positions
7.5896002650260925	0	3185	3185	0	1	1.0	AGAGAAACGAAACTCTACTGAGAGTACCGG	3155	1	1.0	AACATGGCGGAGGGCTTCCGCACTGTTCTG	1	1.0	3.5896002650260925	3.5896002650260925	3.5896002650260925	3.5896002650260925	CTGGGAGCAAGGTGGCCAGAATCCCCAG	{3124}
7.520917236804962	3185	4181	996	3185	1	1.0	GAGCTGATTGTCCAGTACCGGCAGCTCTGC	4151	1	1.0	TGTCCCTGACTCCCACACTAGACACCCTAG	1	1.0	3.520917236804962	3.520917236804962	3.520917236804962	3.520917236804962	GTGGGGCTTCATTGACCTCAACCATGAT	{4115}
7.450556993484497	4181	4307	126	4181	1	1.0	GAACCAGACATCTCTAGATCTTCTAGTCTG	4277	1	1.0	AAGAAGCCATACTCCTCCCTGGCATCTCTC	1	1.0	3.450556993484497	3.450556993484497	3.450556993484497	3.450556993484497	CCCCACCCAGGAGTGCCTCAGCCCTGCC	{4249}
7.42382138967514	4307	4617	310	4307	1	1.0	TGCCCCTTGAGCCTGTGTATATCCCTCTGC	4587	1	1.0	AATAAGAAACATCCCTCCATGGCCTCTGCA	1	1.0	3.4238213896751404	3.4238213896751404	3.4238213896751404	3.4238213896751404	AAGCTGAGCAAGCCAGGGGAAGCAAGCC	{4559}
7.155475497245789	4617	4717	100	4617	1	1.0	TCAGCTCCTGCTTCCTGACCTGTTTGAGTT	4687	1	1.0	GTGTAAGCTGAATAAACCCTTTCCTCCCCA	1	1.0	3.1554754972457886	3.1554754972457886	3.1554754972457886	3.1554754972457886	TGACTTCCTTTAGTGATGAACAGCAATG	{4654}
