objective-value	target-start	target-end	target-length	left-primer-start	left-primer-num-primers	left-primer-frac-bound	left-primer-target-sequences	right-primer-start	right-primer-num-primers	right-primer-frac-bound	right-primer-target-sequences	num-guides	total-frac-bound-by-guides	guide-set-expected-activity	guide-set-median-activity	guide-set-5th-pctile-activity	guide-expected-activities	guide-target-sequences	guide-target-sequence-positions
7.575957357883453	0	608	608	0	1	1.0	AGAGGCACTTCAAGGACTGCAAGACCACAC	578	1	1.0	GGATTTGATTCATGGAAGACTCCTGAATGA	1	1.0	3.5759573578834534	3.5759573578834534	3.5759573578834534	3.5759573578834534	CAGGAAGCAGGACTTCTTAATGTTTTAC	{528}
7.557987838983536	608	733	125	608	1	1.0	GACTGCCTCAGAGTCAGACTATGAAGGGAT	703	1	1.0	ATAGTAAAGCTTGTGAATGGGAAGAAAGGC	1	1.0	3.5579878389835358	3.5579878389835358	3.5579878389835358	3.5579878389835358	TTTGGAGACACACTAAGAAAATTCCAAG	{666}
7.540731310844421	733	975	242	733	1	1.0	AAAGGCTGATGAAGCAGCAGCTTGAGGCAC	945	1	1.0	CCTGCTACTGCTCATCCATGCTCCATACCT	1	1.0	3.5407313108444214	3.5407313108444214	3.5407313108444214	3.5407313108444214	ACAGATCCACAGTGTCCTCCAACTCTGA	{917}
7.534874796867371	975	1302	327	975	1	1.0	GACTGGGTGTTTCTTGTCTCCTCTCTTCTC	1272	1	1.0	CACACTGATACCCTGGGTTTATGCTCACTA	1	1.0	3.5348747968673706	3.5348747968673706	3.5348747968673706	3.5348747968673706	CATAGAGCAAACTCAACACTGTGCATTG	{1244}
