objective-value	target-start	target-end	target-length	left-primer-start	left-primer-num-primers	left-primer-frac-bound	left-primer-target-sequences	right-primer-start	right-primer-num-primers	right-primer-frac-bound	right-primer-target-sequences	num-guides	total-frac-bound-by-guides	guide-set-expected-activity	guide-set-median-activity	guide-set-5th-pctile-activity	guide-expected-activities	guide-target-sequences	guide-target-sequence-positions
7.588213086128235	27	3707	3680	27	1	0.75	AGGAGGCGGGACGCCCTCTAGCCTTTTTTC	3677	1	1.0	CCTCCCGAGTGCTGGGATTAAAGGTGTGCA	1	1.0	3.588213086128235	3.588213086128235	3.588213086128235	3.588213086128235	CTGGAACTCAGAAATCCGCCTGTCTCTG	{3649}
7.553504079580307	3707	4103	396	3707	1	1.0	CCACCAATGCCTGGTGAGATAACTTTAAAG	4073	1	1.0	TTCCATGCCAAAATGAAATGACCAAGAAAC	1	1.0	3.553504079580307	3.553504079580307	3.553504079580307	3.553504079580307	AGGGAAAACAGGGACGCAGAGGCCTGCC	{4036}
7.552803218364716	4114	4797	683	4114	1	1.0	AAAGTTGTTTCTAAATGCTGAGACCTAACC	4767	1	1.0	ACTTACACTTTCAGGTAGCTGCCTGTTAGA	1	1.0	3.5528032183647156	3.5528032183647156	3.5528032183647156	3.5528032183647156	ATGGGATCACATCCAAGTCAGGGCAAGA	{4734}
7.495836436748505	4797	5180	383	4797	1	1.0	CGTCACCAAGCATGTCCTAGCTTAAGTATG	5150	1	1.0	TGCCTGCCTTGCACCAGGCACTATTCTAGA	1	1.0	3.4958364367485046	3.4958364367485046	3.4958364367485046	3.4958364367485046	CTTTTGTTTAAGATTCATTCATTTGTTC	{5107}
