objective-value	target-start	target-end	target-length	left-primer-start	left-primer-num-primers	left-primer-frac-bound	left-primer-target-sequences	right-primer-start	right-primer-num-primers	right-primer-frac-bound	right-primer-target-sequences	num-guides	total-frac-bound-by-guides	guide-set-expected-activity	guide-set-median-activity	guide-set-5th-pctile-activity	guide-expected-activities	guide-target-sequences	guide-target-sequence-positions
7.57722282409668	0	393	393	0	1	0.5	AGAAAAGTGTAGAGAGCAAGGGCTGTGTGT	363	1	1.0	ACATAGAGGAAAATAAGCTACAGAAAGCTG	1	1.0	3.5772228240966797	3.5772228240966797	3.5772228240966797	3.5772228240966797	TTAAGAATTTTAAAAGGGAAAGCAAAAT	{300}
7.539795070886612	395	849	454	395	1	1.0	TCTGTAATTGAAAAGGTACTGAGAGACATC	819	1	1.0	CTAAGAGTTTCAATAAGGAGGAAGTCCTCA	1	1.0	3.539795070886612	3.539795070886612	3.539795070886612	3.539795070886612	CGACTTAGATAATGAACAGAAGTTTAAG	{790}
7.523149728775024	855	2683	1828	855	1	1.0	TTAAGGATTACTGCTCTAATCATCTTCAGG	2653	1	1.0	ATTCCTAAAGCTAGCCTCCAAGGCCTATCT	1	1.0	3.5231497287750244	3.5231497287750244	3.5231497287750244	3.5231497287750244	TAACAAACAAACAAAACCCATTACATTC	{2624}
7.4398887157440186	2683	2783	100	2683	1	1.0	TGTTTATTTGATCACTTCCTCTTCCTGAGG	2753	1	1.0	CAATCAAAAGCCCCTTTTGGCTCCCCTAAT	1	1.0	3.4398887157440186	3.4398887157440186	3.4398887157440186	3.4398887157440186	ATGTGTAGTTATCAAAGAATTGATGTCC	{2723}
